strain	source_short
00451d7e-2c75-4054-99f1-9ad5586f50fd	Unknown
0092f197-976f-4b82-a6bd-858df302189f	Unknown
00dfbf84-7a06-40d0-b16f-75cab8bb1a21	Unknown
01471ea7-7e7a-43e2-84d0-aa04e1df6131	Unclear
019b7ed1-09c2-4e13-adbb-f9c5fea5a73c	GI
01bc08a7-7a69-420c-9e9d-770dc619000b	Unknown
025dc3d7-11e3-4761-85c4-a04f107009e8	Unknown
025ddedc-53a9-42fa-91ab-3fc463f7159b	Urinary Tract
0289773b-c7e6-4c72-be2b-1da8dc1b0ab8	Urinary Tract
02b21af9-d333-44d3-8ed0-f6bcd3dd8e43	Unknown
02d1ef66-a2e2-44c2-a22f-9237bf3bb99b	Unclear
0325490e-f228-41ef-8487-27ab0d6a6f17	Unknown
0377ae71-d179-41bc-9be6-429b35bb2e0a	Unknown
042c0513-c16d-41fa-bb15-8ec48f6d776a	Unknown
045c06a3-45c7-4d4a-8345-b6b47a3c3458	Unknown
0489490b-c870-4105-a676-0f4134ecc969	Unknown
04f29ddf-1297-4922-8902-bfe1d2237807	Unknown
053f82cf-cd68-46d3-b52c-9ddcb9b105c8	Unknown
05baef21-6e93-4789-a138-d3782474750b	Unknown
062501f3-bb72-4641-a939-881bf1a3bf4e	Unknown
070087c8-9b19-47cc-8562-d5084aa96111	Unknown
077bbacf-81ca-4bed-8496-840d0cf14517	Unknown
07d52e2c-f06e-4900-bdd6-f233ece9b9ba	Unknown
08741125-5a2c-49fe-85ac-05f477a336a7	Unknown
088aa985-85d6-4ca5-bf44-7a73007981b1	Unknown
08c248cb-eec5-4381-b952-a29ca97f5d3c	Unknown
090d98cb-9a78-4121-8620-0dbbf63afdd0	Unknown
0962a48e-182c-474c-9852-4556ef36038d	Unknown
097953a1-c5de-4fd6-978d-ff6c4b5e1f42	Unknown
09a334eb-46eb-4fd3-958f-dc9459ca5574	Unknown
09a4336e-3e43-4f48-a9a0-c032cf34e5c9	Urinary Tract
0b13e770-a6ba-45dc-8885-234996d86fed	Unknown
0b2baf2e-d9f5-44e8-be10-df53289fd198	Unknown
0bb6ff10-75d8-4fac-ae56-b4a1d3b9b0f5	Unknown
0be87cdc-aa54-43e1-8ddd-7277b47b0290	Unknown
0c65c9c8-fce1-48a7-a93a-056f61b43eb8	Unknown
0c96fb49-fbf0-4f51-9fdd-d30d75b5b89e	Unknown
0ca6a0a5-a4ad-435d-a9f7-6c4b611feaf5	Unknown
0cc2a2f1-7f04-455a-bf8c-b1284e944c2b	Unknown
0ceffeaf-d77b-4af4-9146-d39935d9965a	Unknown
0d022c43-a4ca-4369-96d5-ab3ae8942e0c	Unknown
0d0c94a4-6079-41be-b2c6-4efcd34ca07a	Unknown
0d457943-6624-4a97-b3c9-ed981005a84d	Unknown
0d4d3a02-8b90-4760-bc7a-1a29fb98b039	Unknown
0d6d0f6a-9eb2-468d-a77c-5ba704dbaa4d	Unknown
0d73a9e3-b976-476d-b527-dea3168f961f	Unknown
0d7b45f8-34dc-4f30-8d59-561a7447d17e	Unknown
0d896726-a2e6-4ccd-bb5f-84dd5330b2e0	Unknown
0db25674-24c8-48bc-a703-4a98d31de479	Unknown
0e45b4b1-4dfd-4497-bc8f-46c051458f4e	Unknown
0ea2f5a1-cc09-4c8d-8e27-ebd1829e77bc	Unknown
1066082a-9db5-498d-bdca-7ce6be4b5f84	Unknown
10880c50-7bd5-4fb2-adc4-34e68362a47b	Unknown
10d86464-dc3c-4d24-bb45-7e79b50d6ac1	Unknown
10fdb62a-d39d-4135-95a6-d6599afa2283	Unclear
1118123e-4cd5-40e8-ba7f-40e34e1fa680	Unknown
1142371a-2563-46c0-b6d2-f873e9ec8690	Unknown
1162063b-0c04-4a74-9fd2-12eb7e85c4b7	Unknown
1376ee67-1a65-476a-9ade-1e54df969b0c	Unknown
137bac10-ef31-4754-ba58-0b1d6b48b8fb	Unknown
138b2d82-e372-42eb-9b67-e7fe013fb41d	Unknown
13b1854e-cd20-4325-bf06-072c2de1ea40	Unknown
13c24765-3ddf-4171-9b6a-c6dc706d7b8c	Unknown
13e1c283-4848-4be6-9ad2-6bb1d6ef4eaf	Unknown
13e78275-e47e-4cb3-9a4c-7ed8b233ba35	GI
13eb759c-3ef2-48e3-9cdd-a91d98e93e78	Unknown
141a6e52-284b-4ea1-a0f3-dc231b1f8ad7	Unclear
14acbe21-6afd-4cb3-95cb-6d2dd559a4cd	Unknown
154e6100-6ca4-437e-933c-0e65384a6b65	Unknown
16368bd7-03a8-4f65-82a9-64cf297d7258	Unknown
1759e35d-1c30-4ff1-b9fd-3ffc651e2307	Unknown
177cb850-af7c-4985-a8ba-9a77495b0b5f	Unknown
185dea82-8047-4640-acda-6a0c5f527a4e	HPB
18930eb2-0fba-40cf-a84c-93325009777f	Unknown
19a8a65c-353c-4c52-a362-e6c7d268a499	Unknown
19b3ccff-a173-4963-a969-392da09ae73e	Unknown
1a05c974-4faa-41a3-9408-c6f71aedcdb0	Unknown
1a0dface-0a19-410b-b9fb-18491f2d4dfb	Unknown
1a1244bf-24ad-4212-bb4d-b3c154d0eb7b	Unknown
1a48fea4-7f95-4f23-9680-3b8011b27579	Unknown
1abc6c67-ed04-48d1-8b6d-ba6df27680f0	Unknown
1acd4c63-d668-4836-afeb-8a3ff3cf905e	Unknown
1af4507c-206c-4b2e-b54d-1c88e75bceec	Unknown
1b319b07-2a27-43fe-9e6a-395d5f581e35	Unknown
1b6baf36-8e4c-4a49-9411-657f422f9b26	Unknown
1b9d2f44-b8b4-4b56-9e00-bf54c043e033	Urinary Tract
1c022b70-6af8-486c-94c8-02c1109758fe	Unknown
1c4e3e4d-1676-45af-882a-c324b9861887	Unknown
1c68da7f-827e-4ce2-8747-697c6c4d47eb	Unknown
1ca3cf26-9a2d-451c-b59c-642c9c66b3f0	Urinary Tract
1cb2f4ee-3073-4e12-8746-9a3f82c51ce0	Unclear
1cc144a5-9550-4f61-bc0d-64bb3cd6cafa	Unknown
1cdfa40c-f8e4-444a-9d3b-f56b5d93e3f9	Unknown
1d06a577-db71-4286-8416-05c1db408e93	Unknown
1d415bee-f78a-46db-aa61-7dee24717117	Unknown
1d6e3420-76b9-425e-8dcb-4402e9ce3a3a	Unknown
1d6ec6d5-06f0-4283-bb27-a950e98d61bd	Unknown
1d8ee4b9-1810-4775-a533-aa6c63e8f58a	Unknown
1dbb9933-2a00-4997-9f76-5a5b524d97d0	Unknown
1dd968c2-7a14-4ed5-b2dd-a68eb4c6f01c	Urinary Tract
1e07dcad-4385-4274-bf8c-b7b0688f060e	Unknown
1e5d2b35-c1fa-4ddd-b6ef-c16611a97534	Unknown
1ebd9494-939c-4054-9d15-55b9eabe4f9f	Unknown
1efa004d-242d-4396-aea2-42a19fe2205b	Unknown
1f0092db-aa6d-4476-81c5-935dfd952c29	Unknown
1fac52f2-6bf8-4f74-b4c8-61f1d91a914c	Unknown
1fddbc25-bca2-4b76-88fc-0d38a099d999	Unknown
1ff932e2-abac-4c4f-a12a-042b80af8c0a	Unknown
2014ba73-7f8d-48ff-8b34-506b00a9b392	Unknown
20164bd7-b0fc-4672-9205-072853e919c7	Unknown
221504c9-a7c7-46c5-9f0b-13b318628e0a	Unknown
2294952a-6a80-4178-867b-dbb8080455ab	Unclear
22a9cac9-e769-4e6b-bed8-01f835c0e170	Unclear
230a959c-4945-4539-a3ce-58fc51b45ee3	Unknown
23375163-86fb-4166-bc7d-00325cbfdde2	Urinary Tract
24d56532-1109-4ee0-ac22-c6fdab277804	Unknown
24fee71d-4fae-4cb0-97f2-16d04577992a	Unknown
25597ff1-cd48-4cc5-8f3e-0301ad065513	Invasive Line
2559ee75-cb43-416d-be31-a08c64db3a17	Unknown
25686520-d583-4b79-aa89-e201afc872c2	Urinary Tract
25de4ad5-9481-488a-8721-fb693cd2bec9	Unknown
260c1741-7027-4a38-96e3-669c0655fd20	Unknown
278f0236-5407-44d6-9eed-b28165f634af	Unknown
2799b300-9a54-4c23-9980-06752480d952	Unknown
27b34fb2-348d-4a26-a33a-6b665f7475a5	Unknown
27e6355b-aa03-45c8-929c-6b1254cf5bf7	Unknown
28290e4b-f615-4a8d-a6d5-73deddbdd5e9	GI
286b2da7-cb0e-4f30-ae2b-95a490b57ee1	Unknown
2958dd4e-5870-4a0e-b5f7-ce5e2a82abb0	Unknown
296a2201-d15b-4f56-906b-01cc7483204e	Unclear
29b14844-a4d1-4d99-ada1-b54e180fd346	Unknown
2a021b43-f931-4d46-aee1-22bfa0f87c33	Unknown
2a15a827-1b70-4be8-be91-1da1f3b66622	Unknown
2a760e31-a6c2-4246-aa22-18c8cc6329f8	Unknown
2ae575e3-f2cb-475b-b363-2aae7c927a17	Unclear
2b4d0bc7-315e-4a17-9eae-1d33d7892843	Urinary Tract
2bcb48ca-133b-4c9d-a7bc-da1e86587299	Unknown
2be480c4-1265-41b6-904d-ec33dff0f2bd	Unknown
2c06d3e5-7418-4dd1-a26f-3233af84ea62	Unknown
2c516bed-72ee-455b-95ce-6ff51571957b	Unknown
2d70045e-c391-4765-92c7-bfbb82b85bd6	Unknown
2da2ee6c-51e3-4666-beaf-06986d05f8a4	Unknown
2dcdf211-f64a-4f36-868f-d964018495e0	Unknown
2e76af5f-cd3e-4784-8525-f0b8e51628b9	Unknown
2e9ee558-77e6-4e75-b543-db351206ddba	Unknown
2eaedae5-9e7a-4392-929b-d6b34891c06b	Unknown
2edc783a-ef4c-4576-accb-7a0e0d3dafc7	Unknown
2f082519-c3cd-4837-8f03-dcaba28b54cc	Unknown
2f2268dd-b1c6-4de6-957c-38b5e7986788	Urinary Tract
2f74d459-e51b-47cc-9a15-f53e253203f2	Unknown
2f887cbe-d893-4a83-b7fa-2273f255c9d8	Unknown
2fb1b433-3361-4cda-a3bf-209729fd1e3f	Unknown
2fe29007-521e-40e2-bba6-855c15b164f6	Unknown
30141e2f-17c3-4bef-957a-7f32f97b5c15	Unknown
309062b0-4c6a-4262-b431-eb098cccb549	Unknown
30fb092d-fc1c-4672-b708-9913a2f39b29	Other
314f8754-fb98-428e-bcfc-02b57d9f8d19	Unclear
31a5ee4f-15d3-47e4-8bfa-0a744296105d	Urinary Tract
31ae9658-4fe9-4d48-9e9a-7a6b0681fe19	Unknown
31f8a300-22e5-4d3c-9333-cbc3243f3f79	Unknown
321e0aa2-d2fd-49e9-b2b9-c36198e1f77d	Urinary Tract
327854de-7865-4d75-978a-612839c045a3	Respiratory
327b28a1-d801-4be1-ab2c-bc9106a92e3f	Unknown
3295f5fd-37b1-4291-8432-a437e6d9f80f	Unknown
333ec643-9440-4f7c-a8b5-6650e7e73f77	Unknown
334e720b-eccc-408a-84a8-427b4fe3e908	Unknown
338f5dd7-b941-446a-b2c1-1a1a59d4cac8	Unknown
339b8be8-966e-4de8-8367-60b1b5d4e50e	Unknown
33c7f6ea-7763-41cd-91c0-1b087fd592ce	Unknown
33e14ff2-98f2-42da-bfb9-dc32717a77b9	Unknown
340bb8ac-3d66-452e-ba16-581afcbca8e8	Unknown
341dd614-3724-49d9-9284-708173083321	Unknown
348806e9-b86a-4a47-ace8-6fd0cc26f329	Unknown
35068347-aae5-4e6e-9b52-214fdfb4dade	Unknown
354ef8ae-a820-4341-a958-33f6d2de04dc	HPB
35969bce-2a10-47fb-9755-747330d228ed	Unknown
35b931bc-a517-4904-b554-cc556b994610	Urinary Tract
35c13abd-acda-4e89-9aa9-db1e921f62b3	Urinary Tract
35c9ccc4-dffd-4e0b-88e3-5a105098e6a1	Unknown
35f2bb27-4ea4-44f0-aca0-49af68b1283f	Unknown
367a1cfb-c639-478c-aac8-49a40dbf6483	Unknown
36a06b49-4141-46fd-8982-b3431e024d68	Unknown
36a50a52-2469-41fe-a3fa-d72ce9ade6a0	Unknown
36c03e78-abe6-4c46-8eef-ef318a8abc37	Unknown
3709c486-2bbb-484a-8622-9b68bb9ffe3f	Unknown
3770b745-96ac-47e0-816d-d81ecce7a02c	Respiratory
377a0950-f003-4466-9c37-321ebdcb953c	Unknown
37f893ba-fcfe-412b-b062-ee62d615311a	Unknown
38c36f78-30c3-4d82-880f-b9bca9f732ed	Unknown
3900bb64-8934-4f48-a454-cfdf7633e576	Unknown
3927e067-1084-4d75-8643-6d94358b1b88	Respiratory
3973ad84-8c38-47e3-b156-c37061470c78	GI
39b6bea1-b39a-42cd-b0f7-3430a3d1ac02	Unknown
3a1a94ac-3b77-4610-8674-b609e4778b59	Unknown
3ae83517-9330-405b-b3d1-ab0e9dba3490	Unknown
3af4ede0-15b2-4098-a616-28f8d57e4307	Unknown
3b43d804-7478-4eaf-9a7a-95e818e2dc8a	Unknown
3b675915-f3b5-4558-ba3a-5f90d658d1e5	Unknown
3b6fded6-7625-4e20-9eaa-7f5765b2cdc4	Unknown
3b763bbd-3b6a-4867-878b-99cacc607c21	Unknown
3c0ef20a-a10b-4f2a-bfb8-1ef0935d74ed	Unknown
3c374ea9-cc8f-43ce-bd10-0c6d774bd67b	Unknown
3caad71c-d423-45cd-8ad1-abd57633a599	Unknown
3db670ff-893e-49fd-bff0-37e149ef40ac	Unknown
3e0c61cb-7e60-4704-bd5b-fa5e3764be5e	Unknown
3e5ce2df-15f9-4f24-8849-a6afe6533f83	Unknown
3e6aae4c-c337-48b5-8679-612e8b7e9d49	Unknown
3e92ee7b-8b65-425a-999e-e695eb8e0bf2	Unknown
3eb25ff1-fd3a-4fa2-8488-89caa0bcfc0c	Unknown
3f2e157d-3e04-4b8d-9f1c-ad67c7af8ce5	Respiratory
3fad6fb2-98f9-4b80-9df2-e6ec05a21cb9	Unknown
3fbdc560-8d90-4ffb-bab1-0721098bf1f9	HPB
3febc72d-b3f0-462a-ab54-74fa0956b012	Unclear
40cf0956-6c27-452f-98ce-f5ab99fa70eb	Unclear
40da9250-1b4f-4fc3-b6af-e3aadbe32673	Unknown
41a7b807-109e-4da3-9e3e-5604a363f11c	Unknown
41e901fc-9ba6-4412-aa81-f40eec3263ae	Respiratory
42366fce-a65b-4487-aee6-822b8bf5fa67	Unknown
424da611-5e94-408a-b4e6-19050f819a67	Unknown
42c645fa-d5e6-4abb-9724-6a48cddebc92	Unknown
42d7479c-be7a-49bb-8f41-6c1b5ea0beb1	Unknown
437ba0a6-03ed-4515-b86d-1fd6a8d507a0	Unknown
43de3f6c-c457-461a-a304-d83737565ff7	Unknown
4491b18e-2f6b-4633-8b4e-84e5591a86a3	Respiratory
44ed2f9b-8882-43ca-9a58-f6f2e96c4b2f	Unknown
451e14ea-b517-45b0-a9fc-65ca5eda1c35	Unclear
45654ce0-ea85-4368-9a9d-294cac18903d	Other
459d2fca-daaf-4cd2-9252-73af6b0341cc	Unknown
45adf9b5-da73-410d-a3ec-b68c6edaae1e	Unknown
4636df8d-439c-4ab9-b720-5c9dd2587e01	Unknown
4654ca98-9852-4d86-a854-04f89f55135a	Unknown
466206c1-1885-425a-a29a-fab4b55e0d15	Unknown
469ac652-79ec-40d0-9abf-af741197e62c	Unknown
46e4dc30-899f-4090-8c35-dc6afc55fed4	Unclear
46eaac8e-40fa-4e37-ad5d-7cf5d2827c1a	Unknown
470a8759-e67c-46d6-8db5-ad6566312626	Unknown
4737bd19-4d5d-45be-8252-d3fed2139621	Unknown
477e630f-3cc9-4312-a277-574645595b87	Unknown
47842782-ac0d-48eb-adec-8e21abeefb2e	Unknown
478cbcb0-2539-4ecc-b49b-46bca9ac622d	Unknown
47a5298c-848f-4e44-b7ac-b38b737a16ae	Unknown
47c733e1-ae9f-4304-b5a9-bd3dd637e6b7	Unknown
485ad5ce-2379-40d4-8851-09852aaed40a	Unknown
485cc5bc-6194-431b-9ad4-2537a7f5cc4a	Unknown
48aa39dc-1397-438c-9996-64f517191a16	Unknown
48dbb8ab-a789-4344-b841-ee6aa6964073	Unknown
48ee60c9-bb37-4017-8a5f-09f5c47f7a61	Unknown
49010bb8-4ff5-4a0f-ae13-34104782903a	Unknown
4934a928-ff34-4582-b8ce-716c0562bf16	Unknown
49b305af-baa7-4a4a-b4d2-c7ffa0c328f6	Unknown
49ed80ad-113d-4118-b31c-0fb85329c78b	Unknown
4a364700-ba6f-4a9a-bb6c-a732f49f4333	Unknown
4a70a99a-8454-4ce4-81d3-fb3b095d6a40	Unknown
4a84f164-db0f-4309-88bc-ca63fd4bf6d4	Unknown
4a949035-0faf-4b04-b0ae-b9f587728aff	Urinary Tract
4b2f8f72-60ae-4997-9971-32b4f6868322	Unknown
4b38d4a0-3df3-4598-9397-43a9570c2cb5	Unknown
4b56c82c-3a65-4d3b-a842-aec3cde8be0a	Unknown
4b847e8f-e67b-4ea6-b231-062e2b1b12e6	Unknown
4bb171bb-13f1-476c-add3-b3328600e7aa	Unknown
4bbac94d-2d6f-4640-8372-772812359289	Unknown
4be0c66e-89f3-4eeb-9950-8703b923c75a	Urinary Tract
4c3e21df-0349-4b61-a520-d3e909e920fb	Bone or Joint
4c6b821c-0dfd-4e70-acf3-f7408e251d1d	HPB
4c6f0b7a-a4f1-47d3-8b3a-100a530c24c5	GI
4c98e400-f38a-4cd4-8e06-d01d915a12bc	Unclear
4dccc0c9-6c56-4765-b6a3-3508f8eed181	Unknown
4e140f5d-250d-4918-a12d-c761810a6e3b	Unknown
4e14f79b-b372-4f6d-a762-b4942a514281	Unknown
4e56f04e-edd6-4240-bdf1-f1b628cccbff	Unknown
4e8682a5-9976-46f1-a5cf-f8b7d7c75300	Unknown
4eae723b-da04-43d3-b7c5-6eda1aeda005	Unknown
4f0ad112-7358-45ef-9f17-ef78559446e6	Unknown
4f2bb5aa-5a9f-4f98-94c9-ed1b3d50a668	Unknown
4f4eb4a7-af56-4028-8c6b-e1014488b0ad	Unknown
4f983a64-46da-455a-8a21-01a1a69aaff3	Unknown
4fa06a78-1f2a-47cd-9a19-2456eb4e6fa1	Unknown
4ffc9d1c-014b-4750-a24b-2070689665e0	Unknown
502356b3-bca1-4ba7-ae4d-9a97000fa16f	Unknown
50391a44-60bc-476e-9e71-1af22a734de8	Unknown
505f24af-1719-44e3-8652-952caa58034b	Unknown
506642ee-1dda-4fc2-8641-c61daa40555e	Unknown
506a081b-d4ef-48bf-8776-507efc0b92ae	Unknown
50c1a15f-704e-4868-8fa6-5a1102a8a383	Unknown
50c5ce8e-9a79-4194-aabf-326c9c40f011	Unknown
513b43a3-6f68-4e65-a33f-cc0aa9389a83	Unknown
5159ea57-01ec-457e-8934-0e5ab07ca370	Unknown
528a0a64-f017-4e91-a73c-f2a687824869	Unknown
52a65022-de62-46ce-a723-74225c8dc3a3	Unknown
5306cb96-c2ef-4cae-8c30-8f8f4f71769a	HPB
53355396-b398-42d5-b4a0-ee1c5ed0759a	Urinary Tract
53ffb45a-9c61-4e67-addd-a921a3c48672	Unknown
5419bb36-a5bb-4fc8-889c-0999dc00e8d7	Unclear
5450515a-d3b9-4ab2-809f-42358f892675	Unknown
5473d89a-ac2d-4ff4-9a58-0bee625a56e5	Unknown
5476abce-ffed-4c33-a2cd-bc89eb8d93d4	Unknown
54e85e8e-d178-43cc-9c1f-a5b7da62b95a	Unknown
5537f17a-ffe7-421b-a30a-bb79e3424376	Unknown
5555ced6-11fa-4065-bff9-f3022f13b27a	Unknown
555b51bd-ea65-4a2d-9539-dbd7858a2b61	Unknown
559a30e6-2c7b-46f1-a046-5234d72bd316	Unknown
55e97e40-a48a-4bcb-9cae-f42530cad872	Unknown
561fee24-6333-4959-9aef-a3da9bf8fad8	Unknown
564f1c27-a220-4740-87f3-42a1a6e58e33	Unknown
566b44ed-ccfc-4e6d-9884-006e803272fd	Unknown
5699436d-6c07-4e03-9ff0-da07b5d247fa	Unknown
56b2149a-d7c9-4fe8-a315-368568cbd034	Unknown
56e80aff-5ea8-4079-be86-ac7603a4cedc	Unknown
5709e011-03d1-44b5-8e71-4d66f256f900	Unknown
5813aa7f-f4fd-4766-86ab-da71e1542ce0	Unknown
58a3e8ce-69f7-4ed5-92e4-a18b9b1ad291	Unknown
58b99b2e-08f2-4004-a45a-c378a38ee503	Unknown
594acd32-1012-47e7-9ab8-679084c35824	Unknown
59658ec1-fc96-4ca9-8869-278739bdee09	Unknown
59a9531e-4768-4507-ae98-8d1284a28ca9	Unknown
59c1307a-7764-41b4-9f95-cd0c2ffcbade	Unknown
59cc7ccf-1ff6-48f2-ab33-1b0f1ac10bd6	Unknown
5a467086-32da-45ad-97f6-ce7661c61d01	GI
5a4b4b8e-2327-442e-b282-6f12065b49fe	Unknown
5a58a310-3fc0-4243-bb05-c33ef8cf8901	Unknown
5b1fc300-9a4c-4856-9a0f-59a357bf4f27	Unknown
5b241969-8f68-4054-9c1f-b6f4cc69f2c7	Unknown
5b37ace7-8139-45cb-ba9a-2bb6af05baca	GI
5b6d358b-e193-4580-bab1-b47bef29514a	Unknown
5b8f60eb-f99d-4434-9bfd-b9ab6f3fe70a	Respiratory
5bf2d2dc-7457-4f7e-a7f8-9f13dd8adaea	Unknown
5d304ac0-c5e9-4c17-bed3-1a049add3995	Unknown
5d4bf835-5265-40b8-a444-73cfa552b635	Urinary Tract
5d6b6834-6a6c-42f9-b8d0-4b5d8f73dfbd	GI
5e74aff5-4e26-4c32-8d92-0fd94752eb83	Unknown
5e842b5d-016d-43a1-849f-d45bd393d596	Unknown
5f19ce90-40f3-496b-be76-8034db9367c4	Unknown
5f248708-2493-468f-b6f0-1a1af08e49e3	Unknown
5f2a9d8d-4cb3-43d4-b2c8-506275716197	Unknown
5fe03f17-181f-414c-924b-83801c2a2826	Unknown
60b449b9-0790-4f32-9929-01fb7998bcb9	Unknown
615ed432-e2dd-4a5d-85d0-dc205af1cd50	Unknown
6171bd1a-87b7-4d03-9602-d903e3baeff0	Unknown
61b0d457-1590-4b29-b674-bad67f43cc69	Unknown
61c88051-d6a0-4981-816a-9a544fa02c73	Unknown
61eca66b-a6ef-42e3-95f5-24eaf37467b1	Unknown
6219d2ab-5c38-44c9-976e-874b07146da3	Unknown
622358d3-2561-423e-95d1-17a313dfe2e8	Unknown
627abac5-bd0a-4b2d-a9c5-4e009c3d43c0	HPB
62f1599d-4b97-41e7-9576-34612e9d4914	Unknown
630d8915-db47-4d05-8e86-597a90606cf8	Unknown
641f1b6f-8132-49a5-943a-d81c881f27ca	Unknown
64433db1-abe5-433d-9402-1e5f684dceee	Unknown
64a5cf57-ada0-4fb5-a3c5-6521d9a36725	Unknown
64d1a26e-0539-4c87-ba27-22fa1be0ce09	Unknown
65034710-e1c0-4429-b17c-5c70d6af0ff4	Urinary Tract
6503bf55-9c9b-4f36-a927-b3e78012b3f1	Unknown
6547d399-cea7-4437-ba06-a2704a381dbb	Unknown
6575e93a-06b4-4680-9387-748317bb8f7e	Unknown
65c6d1d9-6da4-439f-a215-fc92d41383d2	HPB
661b5ace-a17a-4564-a1f0-e4ae96378222	Unknown
662a8aee-ae4a-4b64-9ccf-2b1fcbb990d3	Unknown
664386d6-5ab4-4386-99ff-41734945621a	Unknown
664c3660-9cf6-40e5-b4d1-286736aae5d2	Unknown
667726d2-1c25-46a7-9806-53c792ff44fa	Unknown
66820ded-699b-4380-9230-edbe678a98c8	Urinary Tract
66b8c4fe-d9a5-4a97-8952-99fd8bd3d9fb	Unknown
66d4b1d5-dca9-4122-be0e-c9373a732a6c	Unknown
6707d0e2-ef74-4c19-ae14-5775a0096c60	Unknown
6723071e-50e6-44b5-8429-80d4340b29e2	Unknown
6807786a-e206-42c9-92e6-faf2da86a718	Unknown
6813eb61-ba4b-42c9-bdbf-183de7e6bfcd	Unknown
6816bbc5-4ceb-40a6-8232-d9f8abf1ca8e	Unknown
68416f8f-7f11-4b51-be0d-dc748b544d6d	Unknown
68546f7b-6864-4122-8aa7-43c11477ac1a	Unknown
686033e0-1398-40d6-9f76-83e68f4a01d6	Unknown
68688d22-1b4c-4915-af36-aeb1a4620af8	Unknown
6881f9b2-3d79-41e8-a464-d22a6538d420	Unknown
6882b565-a45d-4aea-8d48-db61b169ed04	Unknown
68ceca3a-9aa7-4139-bd43-bd8b056b09ac	Unknown
68f36f9e-6103-4914-920b-5cb273e19925	Unknown
68f4fc5c-9f6a-4afb-9af7-76552680fc36	Unknown
691bbf96-ff8e-4f49-8b78-0a50ff38bc97	Unknown
698c1b10-8815-47ee-bbbe-fee14ff2b301	Unknown
6a145bbe-10d4-4202-ab14-24515a35b43b	Unknown
6a1ef1b2-8d45-451a-8de6-4ba22ee8bef0	Unknown
6a21c22c-874f-47b3-b3f3-00ee656d8ed8	Unknown
6a7c54e5-07a4-436e-8cf6-556a60e8fcda	GI
6ab08461-0975-4365-b2ab-fccc88ebc046	Unknown
6ab0e190-7602-4a68-90bf-d16791e56d31	Unknown
6b8581ec-cc1b-4e48-a389-f44a774078b7	Unknown
6ccc06cc-c4c0-4c5b-93e4-550a7252389f	Unknown
6d0ee1e7-0c2d-46d2-8749-ca7933d41d83	Unknown
6d1159b2-d6bd-419a-ac19-7b006fc1be4b	Unknown
6d669fd9-c6b0-4e76-9f83-07f6779c90df	Unknown
6deef311-95d7-434e-a92b-bd5a1af273f7	Unknown
6df87383-8bc0-4cb9-b535-38c2442e37cb	Unknown
6e0cd84b-ac58-41cb-9134-496d3b8c0836	Unknown
6e78d2c3-86d1-43c4-8a46-d5d07781495e	Unknown
6ee4685e-e2a5-44f3-8d19-0e08b71082f0	Unknown
6f29601b-3876-4067-bb5b-74e7566d1640	Unknown
6f4ff53f-52ca-4d3f-beef-a8608a7ccea0	Unknown
6f55e25c-9d8e-4c60-9560-dc78d6cf2c78	Unknown
7020375d-bf6f-423c-aa08-ca43765bed98	Unknown
70554158-deb4-405e-8b37-0a538e14e45e	Unknown
70599f7c-7966-4175-b00b-9ca8ed6dbb49	Unknown
70c2891a-eb94-4f22-a88a-8fecb547eac5	Unknown
71318ec2-06bd-40ea-9b26-96bc074e7d48	Unknown
716cbcc9-e531-40c2-82b8-785077c88478	Unknown
7194de89-dcc7-470f-91f8-26b02105c809	Unknown
719706c9-d81a-499b-bec6-25781f8ff82d	Unknown
71d3a1d3-c1ee-4e77-b1e4-9036e27b958a	Unknown
722073a2-a023-46bd-bd4e-c78c48cdcc34	Unknown
72391280-8f96-4e9c-8cce-ce934b9baa18	Unknown
72c4a6da-c7f3-4842-afa4-288757f8c814	Unknown
72c72133-144e-4263-9718-ab862cd6ecee	Unknown
72ef4e5a-fcf4-4b8e-b601-0d61c1a7c1a2	Unknown
72fe6917-ed1e-4e7d-a78e-2afc2d142795	Unknown
7315799e-7895-4cb3-9759-42c3b7228c5a	Invasive Line
735654e6-a255-4836-938f-aee3a1e0311d	HPB
73efbde7-2fd4-4b92-92ad-58231f8392b9	Unknown
7400d85d-fd00-48d1-9536-4ac0f61aa388	Unknown
7442322c-83ca-4450-adf4-e8b84f53ee46	Urinary Tract
7477feaa-4dcf-42fc-bab9-ee1893014fcf	Unknown
747f9617-59e8-4561-beb2-17af94d358cf	Unknown
74a8957f-8230-4935-9317-e17a9fc211cb	Unknown
757fb630-0543-4b6f-9792-4f98fe4456c3	Unknown
761ebadb-d35e-4ffd-8afe-25bcd67df709	Unknown
762aee8e-43de-496a-8ca5-d46db2ee75f7	Unknown
76308776-d5d9-4bb4-b5dc-375bdfd32890	Unknown
7669732d-c326-430a-a5f9-836c074f068b	Respiratory
7670924b-ffac-4bc2-aeef-3e0926dba3dc	Unknown
76924674-5c18-4617-b82a-cf962ac02cef	Unknown
76aa73f7-5b4b-4d2f-b989-eb646ea779c8	Unknown
76b6d3ba-6d47-4337-88dc-ce4ab402bfc4	Unknown
771de812-3ebb-4eb9-acba-0794f9144e46	Unknown
771ebf97-5377-4bbf-a392-877fd42d3638	Urinary Tract
77631cba-b311-4349-948f-b9f95901febe	Unknown
77654e75-fa1c-4e0a-ac30-19ad29bd8a14	Unknown
778143a0-5a6f-47c3-8d36-9c8e21b9b3d6	Unknown
77decd23-edc3-4f4a-8771-3a37e09c67bf	Unknown
784bfc37-246a-4d71-88cd-dd97fe0d8c36	Unknown
787f33e4-2add-4046-972b-a5c7daef2e04	Unknown
7896c0fe-d6d2-4a79-bb84-d2568c8d07fb	Unclear
78fca0e8-2caa-4115-8ba7-4db72f6cec87	Unknown
79c2b552-84fa-460f-8ed9-c67cb245ea42	Unknown
79c81caa-1eca-4850-9521-3dc49decc0b9	Unknown
79ecb331-613e-4c18-b425-fa6151381a25	Unknown
7a0b373a-c7c6-45c2-8c37-9b333f3e58ad	Unknown
7a3546d0-49b2-4311-9db9-8f5562a980cc	Unknown
7a503020-acaa-403f-a67a-50204acb6d12	Unknown
7b23efca-64da-4b05-a7ce-cd3d9a08b159	Unknown
7b42d9ce-088f-4bbc-a4aa-18909bcd8008	Unknown
7c72b364-3c75-4fd5-a6aa-e58a6c947c6c	HPB
7c75e2c7-de26-41c9-8a3e-3f9f1e4ecdf1	Unknown
7c76c48e-55bd-479e-b367-e27fd1d74842	Unknown
7cd33012-fac7-4b36-9f8d-a35dfae83832	Unknown
7cf924c0-a5db-4f40-8ceb-a83939b6b690	Unclear
7e2d3081-2d8f-4712-b462-77e1fae35e79	Unknown
7e70ff39-e88a-46b7-8286-ecc771c275ec	Unclear
7ea09bfd-7035-4135-9ca6-e41d8a9c41b4	HPB
7eb06541-7e80-447b-a54b-d1c4a539bb62	Unknown
7ecf1e2e-3d06-4974-9de1-52e485d6d84e	Urinary Tract
7ededd93-29d6-48eb-8044-9d4cef33935d	Unknown
7f13bc18-1877-4fa4-939e-8bdd37ac0613	Unknown
7f3bc041-7375-4594-b15c-9e1bb9833ff9	Unknown
7f64fa61-358a-4e59-9dcc-cdf122faee9e	HPB
7f6de915-1e65-4750-b6c8-a5f1710e981b	Unknown
7f8d7c3f-ff92-4006-97c6-68e26ead5285	Unknown
7f8f2726-bcd6-4ee2-ace7-ea2291a1b3fc	Unknown
80aeb9d3-3ac1-4b67-b597-619b29b8ef27	Unknown
80d854e9-4a6b-42c8-9869-90e2f103c508	Unknown
812ff59f-4d79-48dd-99b8-0741f2cbe0e4	Unknown
8170aa54-6ccc-42f8-9d11-55d112742b14	Unknown
818c22e1-5519-424c-b7d8-de25833919d1	Unknown
81dc1ed2-5ebf-4fb6-8cd5-b1316f70919e	HPB
81e42690-00a2-432d-8d0d-fd084fc4232b	Urinary Tract
81f8e1c4-aaa2-4a65-afba-ecaab8cc0fc5	Unknown
826d77b2-ea4c-43b9-8eb1-df531f7b4342	Unknown
827f7efb-7078-4808-abe6-d4462629ccb7	Urinary Tract
82eeec55-45f4-4d76-aaf1-dbc679ccdbd0	Unknown
82ef5cba-1d7f-4730-8403-d1db430ccfbc	HPB
83448c1e-f5b9-41ba-96e3-7ab19e3660ed	Unknown
8385a7a8-1bc8-43fa-91ce-455375444535	Unknown
8392d688-144b-4af9-a6e6-d0e0a98b0e60	Unknown
84dbe3b4-23b3-406a-be26-5c029c3a93cc	Unknown
854057a6-0b1d-4953-bca0-e83011218f16	Unknown
86929466-55db-4125-82be-91673c600a9a	Unknown
86dc7544-ab15-49fc-966b-b7d0dfbf0c7b	Unknown
87351e54-8eb6-4a1e-a0e2-4e0ab5853201	Unknown
875e71ff-8d43-4622-bb88-ed48afee7bce	Unknown
87d75e07-ef76-4213-b9cc-e64bd9192b55	Unclear
8841aed8-769f-40fa-9806-5b4eddd14831	Unknown
8879c4c5-7eff-4ee7-b4e1-d67aa8cff1ae	Unknown
8890a987-6ffa-4390-af0a-bd6b637ee874	Unknown
88abf2b5-6d98-4bbe-818b-9e2bbfbbe404	Unknown
88d75b62-7a03-4f52-89d3-2d445277c03a	Unknown
891b06f2-f51a-4319-b6ef-17daf03081cb	Urinary Tract
891d9059-0713-41b8-b3eb-ca0a53d09ace	Unclear
8950bf23-ddd9-4e36-8d69-62fb7079011a	Respiratory
89748731-1b13-44a0-b8e0-3e156e0d8185	Unknown
89fe0306-5e9e-4257-bded-d3857927eb27	Unclear
8a0b60b6-5660-4622-9aa9-143d4324746d	Urinary Tract
8a8f89dc-25af-4c16-b26b-b325e3125d0f	Unknown
8aa63b09-d460-4ef2-b390-eb62ae85a28f	Unknown
8aa86224-74b5-4354-bbff-7d1137d43d30	Unknown
8acfd813-c6a0-4173-8caf-0949be6e6e40	Unknown
8aeadc12-ee73-4062-8e35-f39008bc1488	Unknown
8b98b31c-f2ce-4cc8-ad13-f5c630983aae	Unknown
8bc33772-1844-4f3c-b892-07d511daec53	Unknown
8bcafcfa-33d7-40db-afe9-d3d35b3591c7	Unknown
8bce6f04-ec56-4fa2-9193-7e12ee20bc18	Unknown
8bee73ac-bfe1-4d5e-bb46-7e78dc28b58e	Unknown
8c246532-33a8-475a-83ec-bd848a433344	Unknown
8d1c10ba-764e-4d1a-ab12-430dce2a74d1	Unknown
8d6d7465-987c-449f-9e97-0456220a3664	Unclear
8d975482-0585-46ad-a94a-616d6e419eaf	Unknown
8e8a0ce7-e6c5-48c2-9ace-b123dd23121c	Unknown
8e964c09-4d94-4293-9c1f-22b06b8fff2b	Unknown
8eaffc1b-5efb-444a-8164-06da9d6e770b	Unknown
8f27e367-e230-4509-90a3-a1d30ddb94cf	Invasive Line
8f760c0a-4afe-4684-b2b1-a9dfc1c48c1b	Unknown
8fbc629c-1b81-47ff-a95c-3f487040f690	Unclear
8fc0f753-46ec-4044-8210-7b525b858036	Unknown
8fdca275-c852-42f4-94ec-29fb416ede60	Unclear
9011271a-c14e-4d6d-b172-f45fb1dcd9cf	Unknown
90be8705-a1f8-4b86-a778-2779e894164d	Unknown
90cf860b-7a3e-454e-8b54-1eedcb05d6ca	Unknown
90eae2ac-d0ef-41b4-ab2d-90506a233349	Unknown
90ee5a7b-8716-427d-b302-c48b7b9a92f4	Unknown
915d0c84-daf2-47ed-b556-28754302bfa1	GI
9187a9f2-96d6-4d0b-9923-d22cfc24a2f8	Unknown
91ab36f0-deb0-4523-9fe8-73673b27c56b	Unknown
91cfd58d-f82a-4051-b2de-d15eb34cad60	Urinary Tract
91df075d-5f23-457a-b3cf-d2a877931dce	Unknown
92fa40a8-09d2-49d4-b03b-7de4873fd9fb	Unknown
9326c155-46dc-40df-b1d6-25336a1d1984	Unknown
936a4ee1-0e57-491f-bbf5-ea5583291864	Unknown
93830cee-4a11-4ca7-abe1-4b9ab53ae604	Unknown
93baf468-ad52-423c-b98e-0f7d0bf6aac4	Urinary Tract
944040d5-6901-47fd-97f2-b0bf3fec5d6c	Unclear
947d240b-8eb3-46ef-b417-0de306f0b53d	Unknown
9584111a-0ce4-419a-8fc7-0b0516fb9afc	Unknown
95845375-39d4-43c0-8adb-ef6694c579e4	Unknown
95e67933-65ea-4e55-8923-f73f6c3f24df	Unknown
95ff6f87-cc38-4628-92c6-10db509214c1	HPB
96ff122c-d47c-4207-ab59-8ebe09d0d001	Unknown
971eadc9-3853-4b97-bb34-54a48ea961c7	Unknown
97449c79-bcd1-4090-a7f3-00f24b64bd8f	Unknown
97604c60-5b02-447c-b0b2-0753e0769d00	Unknown
97a209cb-53c0-48c1-8816-b98b4e9ea3c5	Unknown
986c8221-fe7d-4564-b3ff-562a0909582d	Unknown
98ede067-8a07-44d6-984b-bf402f709419	Unknown
99378b1d-b9b2-4817-aaef-0de29b7913d5	Unknown
99493676-c1fb-4a5b-b125-3070121edca9	Unknown
996d23f4-f3f6-446d-b116-289a28bf3f99	Unknown
9999377b-dbd0-46f0-92aa-d5b697872e90	Urinary Tract
99acd309-e4c9-49ee-bcd2-195f73a7f8a5	Unknown
99b5faa6-2908-4c94-b27e-caecfda27da6	Unknown
99e8c0d7-7afc-484d-abf2-93cdbd690588	Unknown
99eb3754-2bcb-4b0c-bf77-69e386d84a10	Unknown
9ac6ec88-496e-4f34-bcf5-f365fcbafd89	HPB
9af5aa1f-823c-4030-94c3-d87fdda06088	Unknown
9b08d02a-afe3-4923-8270-3ba37d9bf7b3	Urinary Tract
9b4b2da2-4f4e-4cab-858c-d08c1abf5276	Unclear
9c13b438-64d2-45a5-b72c-09bb5ddb073b	HPB
9c3630b7-08d9-4fee-89a3-e570fb2696fb	Unknown
9cdf2418-03a8-43f4-b448-9a76d24971d3	Unknown
9d139c19-61d3-4fc6-ba5b-8a3d62974c42	Unknown
9d344bcc-58dc-4b16-9f64-080178212448	HPB
9d91b9ff-f556-4b43-8e85-76cf98e8930d	Unknown
9da3d4a8-48cc-4757-ad82-44c73e9ff585	Unknown
9dc8407d-a2ea-4a99-a3e3-9e25e8b6d13d	Unknown
9e7af408-eafe-49cb-9c8c-efd39d997418	Unknown
9e883cac-a1d5-4a76-a1ef-cf1e8681b05a	Unknown
9eaf6b57-c8ff-4ff9-8bf7-37924e173a2d	Unknown
9ee90a65-50c3-4b4c-995d-57dde3cec973	Unknown
9f9a4969-9fea-4af3-a2b4-53fdbcba8212	Unknown
9fb61f11-6462-4c3c-b3cd-96388838701c	Unknown
a016d847-7cfa-4fab-afc2-0db77c027bfd	Urinary Tract
a0765f4b-2d4a-43f7-ace5-ce520db7f497	Unknown
a13c7c76-958f-450d-90e6-61ea35c0a32c	Unknown
a13e0511-1c2e-4d31-8487-00a738e4cbbb	Unknown
a1a287b7-a313-4667-9b84-ac062d5f7f71	GI
a1a6b28f-8043-4a7c-8078-a2201c2142c8	Unknown
a1d85653-1a12-4734-bdf0-3d7d9677935e	Unknown
a1d890ae-957b-463f-996e-0a01fb36ad23	Unknown
a2255b27-8295-4090-a8f6-f605e5d8fa9e	Unknown
a23c7901-89e9-4cf8-bdb2-6d67d1d76ccd	Unknown
a2c7e5a1-68d8-415e-ab5b-6c2db586c3b0	Unknown
a3b4754a-2438-4ed4-b6f8-1791009b700f	Unknown
a3c0af36-b109-4bbd-9966-537e864e5b77	Unknown
a4150dc2-44ed-4855-8594-b42aaffd5b22	Unknown
a43a8dc5-87f5-445c-8a69-03ee6068bd1d	HPB
a531a6b2-0397-4ab8-9029-dc51f4b6de37	Unknown
a5428a7b-73e5-47ab-8648-e3b9926eb1c4	Unclear
a5ed89d8-191d-4bfd-a8aa-3f2f18fd67f8	Urinary Tract
a5efc54c-18eb-48a2-8739-4d987480b46d	Unknown
a663fef9-5d9e-4ec3-bbf7-3b33d770ed06	Unknown
a666022b-773e-4ca5-b2c3-eec0d5315219	Unknown
a6bf2e90-44c2-403e-a3c7-ebcd0f3c3dae	Unknown
a6ced581-e469-4f0f-8a90-741d37c45145	Unknown
a6f7347c-2bb8-4f27-a52f-04256796b8dc	Unknown
a79c55df-08da-43ce-9f11-ed59768d0f4a	Unknown
a7fbf532-e194-4202-b0f1-13edc92b82e6	Unknown
a80c0ac6-ffa6-4e7c-bc61-7b4094bbd833	Unknown
a96b53b3-7b03-438d-9b73-ca1bb36f16ea	Unclear
a97a958b-f25a-4d28-ba72-9b3fb1684c11	Unknown
a97f923a-b800-4ff6-be84-fae9f026b863	Unknown
a9b4199a-bd7e-47d4-8e37-55bdf3569931	Unknown
a9bf66f8-12e4-4f20-bc7d-ff7812c35f04	Unknown
aa1947bb-ccb2-40c1-bbaf-11adc55dc8f6	Unknown
aa48eaa9-3f72-45fa-9ce3-faf26dc9fa01	Unknown
aa5e7747-326c-404a-a5a1-3a828f76979f	Unknown
aa65b2f1-839c-4a64-a1a1-836a6f4308ec	Respiratory
aaaae166-ea73-4e3e-9007-dffd6befabce	Unknown
aac61fbd-2faa-4809-97d7-2c28d007b6a1	Unknown
aaeb1b0b-5ae0-4a04-9084-9e7321b5e495	Unknown
ab00150f-76fa-4fd8-8083-eb843b3e0902	Unknown
ab25e5f6-9e89-422b-b2b2-1e5247a8baf1	Urinary Tract
aba69a78-377e-4a30-a51b-32d5870cfe54	Unknown
abb831fe-849c-4f90-b892-b9b729e2e5eb	Unknown
ac1d6177-21bd-4923-aad8-a76fa1b50b34	Unknown
ac4ac23b-6032-4b88-8b34-c3e61c09ce44	Unknown
acb17579-a698-4562-8c76-59806f9c258e	Unknown
ace7bc0b-c10c-43d1-8987-1df8e868a0b3	Unknown
ad1e0440-d4f2-4861-bfc7-489b3016edcd	Unknown
ad250f2a-a79e-4575-9951-4ebac8307f7d	Unknown
ad29faa4-1a3c-48bd-9336-ad3e505c6e52	Unknown
ad539dbd-9c84-47fc-bc64-0c1a25c53999	Unknown
ad5a261c-4e23-43ab-8634-f70835214d44	Urinary Tract
ad9e24a2-bec6-478e-be7b-f61044b2bb1b	HPB
add8b6bb-7830-445e-9691-8ed1003a1c63	Urinary Tract
ae49b4c7-ec57-483a-9da6-a7e04f9a21d1	Unknown
aee957c3-6319-490e-ae8e-082626014677	Unknown
af215114-77d9-40dd-9fce-35129052242c	Unknown
af33b138-aacd-4318-9437-1c6e4d5cd1e0	Unknown
afa20f59-0801-4e2c-ab37-d12bec3f19b3	Unknown
afe5e61b-1878-4ae7-9e4b-26a032471397	Unknown
b009917b-15a4-4089-a10e-8b14a2846d90	Unknown
b05e194d-1972-4aef-901c-f3f3e835883c	Unknown
b0a67141-8827-4e8a-b7d3-9ded75e15b72	Unknown
b108527b-0277-41a1-8641-c35baee386d5	Unclear
b2163f72-755e-4334-9b8a-fb3f8308f42c	Unknown
b23769ee-e29b-412d-b1ec-81989c81e998	Unclear
b24df075-d401-4652-b4c5-6b712514f5cc	Unknown
b27fdf32-ce91-4f89-8b30-23662dd90c60	Unknown
b2b1fda6-f075-424f-809e-0136f142ae36	Unknown
b2b3a832-905b-44b8-b3c0-76d705c455c1	Unknown
b2c33127-5469-49f1-9136-a613cdc09a9a	Unknown
b3372427-79b9-43a5-b3b0-24291e9c4b7a	Unknown
b4882f58-c632-409b-9201-29995918d948	Unknown
b4cb7518-e2e0-4e55-83a5-7b5fd230e859	Unknown
b5b4dc34-b83e-402f-a607-04f0c230a106	Unknown
b71fc22b-ca8f-4202-9033-965adca4938d	Unknown
b755a0e4-adc2-43a7-8741-9860b034b075	Unclear
b7562df0-752c-4c48-a60e-921df0483bb1	Unknown
b7ce4610-154f-48d6-859d-a3252053b557	Unknown
b812a65f-765d-4121-8eef-b547534db3cb	Respiratory
b859b744-b1cd-487f-84ad-9fbf4932447f	Unknown
b88d9b7b-0c35-4bb4-8f02-0f5a4e9dac2b	Unknown
b8e3a77d-ef99-495c-9bf3-0fd10346f2f8	Unknown
b92c63b3-4f3e-4fc2-9381-22d97378e657	Unknown
b9ecb0c5-c835-425e-97a3-58012ea6a246	Unknown
ba1e61ce-05e1-464c-a67a-a9c2d7e02d83	Unknown
ba9b3c70-868f-4044-9645-ec7a924e9b7b	Unknown
bacfd486-4785-464b-a338-007335767b72	Unknown
bb2d09ee-be33-423c-9073-2cf1bf28c884	Urinary Tract
bb875e63-5cb7-4a5e-8130-9046a63df041	Unknown
bbd05188-45b6-445c-a56a-7e957871b3d5	Unknown
bc645e32-a081-4341-a495-8b0e1fcb2746	Unknown
bcda7b7c-1781-40e7-9743-3411f4fff7bd	Unknown
bcea511a-7e73-47ed-8381-e8a8cbc872fe	Unknown
bd0d7968-7eb2-4ac1-bd1a-15e828ddec8e	Unknown
bdaabf9c-f85b-4caf-b9db-3512a7645953	Urinary Tract
beb18fce-8cff-4005-a3cb-f1279429fd3a	Unknown
bec743c9-035a-4c0e-82cb-cc5fecd72d40	Invasive Line
bf05c96e-dc55-4cc7-a651-35c304f70d46	Unknown
bf07310b-60e1-454c-82b3-9ad4b1a2511b	Unknown
bf300b3c-26ad-4b88-96c3-0ea2cb7c0352	Unclear
bf3b6073-cdd9-425b-a23d-af216d6897cf	Unknown
bf43c6c5-2c5e-4ec2-a76f-72061f42b65d	Unknown
bf6518b7-da5b-43f9-b696-303250e62c3b	Unknown
bfda7835-13bd-4d92-89d1-610f197e6224	Unknown
bfe92ccc-5f4f-4d28-a8e9-26e01129185e	Unknown
bff35c63-3528-4035-b029-b1c691a5b4f9	Unknown
bffed884-2304-40c7-a595-08c0a8393347	Unknown
c038980d-6176-4e2a-9079-572473e99497	Unknown
c0482dce-892b-4a08-96fa-67e3c9f56c7e	Unknown
c18af005-1d70-443d-af4d-36d0668bf784	Unknown
c1c1a8ad-aba5-4116-a026-5729d385e21a	Unknown
c2a2814d-feed-498c-896d-0a6cfb796acc	Unknown
c2b748be-7bd4-438d-bd79-b54433c9eb15	Unknown
c3cf3612-a1cd-442a-9327-884a4be4e501	Unknown
c4740dbc-032f-46a8-89d7-a6a58632f4bd	Unknown
c65dedfc-6abe-47e9-8070-56df67044d91	Unknown
c6660036-69ae-4a52-8a32-9c933ea0f91a	Unknown
c7b9bbef-3121-4fe5-891f-e80713065e40	Unknown
c7b9bbf5-c69d-4d00-9d3e-a408e40733b6	Unknown
c7c15e35-5494-4e5d-a06b-8480aff6b59e	Unknown
c7e858a7-14d8-4f05-9039-c53cceae2c10	Unknown
c8c4adac-c899-4e1c-b663-6354e322e9df	Unknown
c9ba01aa-53dd-4fed-a8c7-17bde7631168	Unknown
c9ef33d3-de5e-4591-95de-9647350b2e71	Unknown
ca031cf4-db3c-4ac6-a99d-58540ec155a7	Unknown
ca81ecf7-2c9e-48a2-affd-09b0ae8ebd92	Unknown
ca941884-c1b5-4cd0-8736-e91be51024d6	Invasive Line
caa09882-0958-4128-bc25-c9de1570083b	Urinary Tract
cb13687c-1b44-41ab-84e4-e536c1cb5a57	Unknown
cb8eda57-c839-449a-804e-8f18b486e7b1	Unknown
cbec0daf-bcd5-4878-9d41-c86736b8029c	Unknown
cc938540-8229-4fa8-a6bc-1b66d7db8f01	Respiratory
cd3ad172-bd24-4606-a7a4-65092cadcbda	Unknown
cd766fb4-aeb4-4a2f-b825-ba141a08a23f	HPB
cdbda5f3-25b6-462e-8642-2235862fb7f3	Urinary Tract
ce63031a-5db5-4af2-ad94-fe65c18583fd	Unknown
ce6f7f1a-cffc-4c99-bb47-2b0957faedd0	Unknown
cf1d7ee9-4b78-4f1a-9c5a-516977f98835	Unknown
cf22061c-5703-4951-ae9c-bde09fdbbff9	Unknown
cf43fcce-c66d-413c-8a76-b9ff933a76e3	Unknown
d090cfc4-16cc-46bf-8490-ac4ec67da06f	Unknown
d0b0f2c1-4834-48b4-b8f2-d645b3f15859	Unknown
d0ddd582-9270-4883-baf5-618c08433fd3	HPB
d19113c3-83d6-4002-a953-b6af91bba999	Unknown
d1c792fb-a31a-42a9-b27d-1f0fe9a26ed3	Unknown
d223c707-0c7a-44fa-ae5d-2a58fcea9b6c	Unknown
d23de350-e197-4404-b410-fa39ea1a81e2	Unknown
d25e760d-9702-47dd-bb56-2f44a92dbeff	Unknown
d28dffa9-fa12-49e2-9f76-a4f353313ca3	Unknown
d2a7a45b-cc60-44d5-bab1-d9a40e253d5a	Unknown
d2c75996-49dd-4385-a99e-f85bc9a95d68	Unknown
d3055568-d2d4-48b2-8339-f05f999c356d	Unknown
d3216ce8-ae21-45dd-9902-f576f8e5da41	HPB
d378e914-44ad-418f-9129-e97b128b7c94	Unknown
d3d945dd-f2b0-43b5-8b3d-db54bb18ecac	Unclear
d3fd8963-23b9-4366-a03d-02dd6bbbfcff	Unknown
d44f9425-6fad-44f7-9300-ef977e4beb2e	Unknown
d493dc63-23e9-4f87-81a1-a9ede2d2d385	Unknown
d4ffce2d-07c3-4fd3-a71a-afab1e0ea105	Unknown
d564cd7f-cd2c-4040-8e71-f97699f3d937	HPB
d567cc2e-e9a6-42b4-9670-8fbeb9217729	Unknown
d5956a85-efaa-4790-a622-466d9452b33c	Unknown
d5c34ec8-a1eb-43e3-b49c-5f798c890c46	Unknown
d5d517fe-cdc7-4a6b-896f-2c36c41a9a2c	Unknown
d640049a-8244-4dd0-b317-accef7fb3b01	Unknown
d6e6527e-e935-4d94-9406-896057e176e3	Unknown
d6ee0a30-a6bb-4eac-a95f-7e9409d0b58b	Unknown
d7014dfd-e21c-43ee-bf18-992cafb6ee46	Unknown
d70e13f2-f359-40ac-b6dd-d6f099359e20	Unknown
d7684109-6874-4337-851b-15f46342e60d	Unknown
d8d63b03-a31a-4786-ae37-498ae978226a	HPB
d988aca8-b169-43a4-8fea-84e1fd7ef61a	Unknown
d995f8df-175f-436d-a384-71e7cef3477a	Unknown
d9b77e7f-9678-471c-8f70-f8ad21745e80	HPB
dadb17cc-31aa-4bce-8b58-c30547c0011d	Unknown
dae51bf7-87c0-41bf-8943-4513114f4638	Unknown
dafc5da8-ad51-4602-ab77-743d3d316b6e	Unknown
db5f2e37-70f4-492b-9bb3-4313f8ba1b0f	Unknown
dbb2d05e-4519-44cd-b867-a7205e3f9a99	Unknown
dbc66eb5-1214-4940-a1c2-3f0037c6ef3a	Unknown
dc1c9c34-ceb2-48bd-be4c-718479ded030	Unknown
dc98d413-6de5-4508-885c-1667b734ba29	Unknown
dcce897e-e068-47ac-b382-f1dcbbf637c5	Unknown
dd180ac7-4f02-4b32-851d-07a31c0d6219	Unknown
dd591a4f-533e-4aec-b2b9-281521d0c4a2	Unknown
dd856308-a756-49a9-97ff-7ed6a70233a0	Unclear
debf72d2-d737-460f-a699-0448840147ab	Unknown
dec728a4-0068-4c93-8b41-416d5ba59dc8	Unknown
dee6bcc7-326d-492b-a5c4-a583a46bed00	Unknown
df12724e-5e8c-4f83-8d7c-224f3edd3029	Unknown
df2a11b0-92c0-4cba-9763-2140f7874f19	Unclear
dfcd0458-df64-4b9a-9214-09219f56b714	Unknown
dfdcbc1b-1dbb-4f35-be7f-40e8b5126039	Unknown
e01a413f-1cdd-48dc-891c-6411421480a1	Unknown
e01c506f-dfd3-4d04-91ee-383075b8bf55	Urinary Tract
e059366c-1ee8-4094-b1f1-5e70bef875c8	Unclear
e09143a7-9b87-4e0b-90a2-158b74b8bd93	Unknown
e0ca0771-f403-407a-995e-a9c0bbe8ab1b	Unknown
e0e2d2d8-d98a-42a6-97d9-a403f528f935	Unknown
e0e6a5fb-4ab5-4792-a357-0df335901bbe	Unknown
e172d0b8-3179-435c-a1f1-d39a397f5bb2	Urinary Tract
e18e69e1-9eb5-42a3-a341-39016254c16a	Unknown
e1923c98-ee97-45bd-9e69-eab8070acd1f	HPB
e2af7826-862c-4347-a32a-729d3a1e8008	Unknown
e3b8833f-11fa-4adc-85e3-f912317443dd	Unknown
e40ce838-9fa1-47e8-8d54-6a3facee52a8	Unknown
e4213f16-8c4a-48a6-ac2a-d03408d7aaba	Unknown
e45e1edc-cee1-4d7e-9746-b7786bb234f7	Urinary Tract
e4d3d85f-936c-4142-a398-41edc65981fd	Unknown
e54fcd7f-97d4-4248-b8b0-057333c53f43	Unknown
e583e994-b539-4b76-a0ee-8806828a28af	Respiratory
e6b95fb2-2150-47f4-8c24-377f79c7d50d	Unknown
e6e3ba59-4bc0-4fde-8461-8435e37592f3	Unknown
e731275d-b27b-433e-9e6a-e3174e657f57	Unknown
e73ec738-f36c-4907-9735-e47d3523a472	HPB
e79892b1-96f0-4ea1-8801-8daded55cad3	Unknown
e7d870a6-11f1-4d98-83d3-79aa1cc7f4c5	Unknown
e8768315-8df6-456b-aa20-35f75906a820	Unknown
e8c0a565-4668-4124-8001-3ec2d3d4683a	Unknown
e99e6fa3-d458-4413-902b-ec4c86a24dc0	Unknown
e99fefc0-6d7e-4ad8-a88e-c0edfb1e5c87	Unknown
e9b1dc99-d936-4eb8-99d1-98270637064e	Unknown
e9bf242a-31c6-4226-82ee-3b9805d6c60c	Unknown
ea102dd5-1991-4cf4-b383-f9b2e0506441	Unknown
ea40f853-aa26-459b-b52f-109a2adba07c	Unclear
ea63aac7-8588-4405-bdb1-62dbe3ce664c	Unknown
ea824eac-e4ae-4377-a228-9ce7241e4421	Unknown
ead0bb5b-ebd9-4044-a58d-6417126cec07	Unknown
eae7cc5a-ad39-4f9d-bbb0-5056d5460ad0	Unclear
eb6df4cf-095d-4230-a8f5-d857ac2d6d0f	Unknown
ebbc28a9-f859-4bce-8d74-d1bad4c693de	Unknown
ebf3d09d-4940-4a7d-8f94-ac5a300a05c3	Unknown
ebfa7783-49ad-4c91-b097-0f9c66022c97	Unknown
ec09c2ea-6b2a-49f0-ad45-82cfe91d7a6c	Unknown
ecfdbc71-d6a2-4e7b-a100-98eed52a00b8	Unknown
ed6c1122-c9b9-485d-8d0c-3f3b99d790fe	Unknown
ed83b414-3606-4c0e-afac-d09d2e40be63	Unknown
edc10c2c-c079-4af5-9fcc-9c8a9c75cfb6	Unknown
ef157ad7-fbbb-40c4-96e2-e0178dfa3079	Unknown
ef18230e-030c-40c7-9dc5-905cc1888bcc	Unknown
efb92a3e-fff0-4447-9686-4036a906f1bd	Unknown
efd3227f-7387-4403-9e4c-a27f9eaf1b2f	Unknown
f14d21f9-526a-462c-93b2-d9c8a6fdbec1	Unknown
f184d1e5-8e0b-4761-80ce-df224239b3a0	HPB
f1dbdcfd-55ba-47de-8032-9cc4a81cec5e	Unknown
f1ebaddf-e73b-47a3-abb7-f01384588972	Unknown
f203e9fb-e6d1-480a-af88-237b54bd6f0d	Unknown
f281df1e-0c43-4e43-a1ce-1bf82a447653	Unknown
f28adece-07b1-4c9b-93db-8bf6376d3053	Respiratory
f2d323f3-cc15-4b6b-aac7-6a7975c27b63	Unknown
f2e04719-2704-4d20-a249-613ad4378506	Unknown
f2e9f249-a27a-4c83-a224-96e1da841fc6	Unknown
f3660fe4-fb3d-451a-9e36-5e3fee4ff600	Unknown
f385aa23-aa9a-4050-a53f-6322f76d7e8d	Unknown
f38e2a67-c970-46fc-9bd2-2c6b251e376f	Unknown
f3a2475a-ecc8-43f2-a2b0-377e9c83f434	Unknown
f3a548fe-f82f-4853-ad3c-dec8d9d13c40	Urinary Tract
f3f24f54-97ad-481a-a64b-bf9c866bc808	Unknown
f3f58cc1-a776-4d00-9e6a-3fcb72a023a7	Unknown
f4276c1c-89d5-4c6f-b916-e393b8fee57c	Unclear
f43fc09a-0360-4dba-8a31-dfe51bab342e	Unknown
f4ac47c1-666d-4e92-8e67-13b8c40cc64e	Unknown
f4c69de9-bbdb-4376-b8ba-ba455eaa3c6c	Unknown
f4cce94a-d4b2-4636-9764-b707c36bcf1e	Unknown
f507755a-d4dd-480c-a574-60944c650023	Unknown
f58a6151-3089-45ea-92b9-804706530bea	Unknown
f60b136a-c2d1-4c41-8256-53b04d30ae2b	Unknown
f6171d14-0718-43df-af7c-d33c24c5eb6e	Unknown
f621ea72-086e-466e-ab76-728aa8a778c9	Unknown
f62f1927-7606-4f44-9db3-3520e2431c67	Unknown
f6641c4e-7fa8-474e-9aaa-6269a8feeb05	Unknown
f668fe5f-2b93-4e50-bb09-0a2b8bea0cbb	Unknown
f693abeb-6df3-494a-bcad-428b7d154ceb	Unknown
f75515b2-9939-47b3-af15-6d4313da5753	Unknown
f75aa4d7-770b-40c9-ad10-07797b52adba	Unknown
f77a5cba-f15e-4b2f-96a7-71f9c930d781	HPB
f781fd22-8155-4670-8559-dd733c070c48	Unknown
f7a32ccf-dfe1-4cab-a960-dd6749c3f27d	Unknown
f7e67e37-0f29-4fc3-9aec-d2f17b5b3c31	Unknown
f8a26847-5279-49a8-b3c3-1e054dd0060c	Unknown
f8c15e2a-b866-4f30-a276-4b60600de3b6	Unknown
f8c947c2-0ec3-451b-8f6f-4e0cde31e455	Urinary Tract
f8cd94fb-d196-4c30-bd5e-1575295db483	Unknown
f903c204-33aa-46b2-969f-2a433bc8d205	Unknown
f9640665-a2a7-4b41-be29-85855b8821b5	Unknown
f9866e24-0d80-456a-869f-82b396220fd7	Unknown
f9986488-97f1-4bd6-b903-0cba10b47630	HPB
f9a921ff-b9c8-439a-9d67-bbc37ac28f39	Unknown
fa06088a-9af3-4942-a6af-763f4e92963e	Unknown
fa2363d7-0dcc-418e-a86c-0aaf73e24da3	Unknown
fae0fc4b-6b96-43e4-8b3b-9776c71b1b89	Unknown
fb324b08-b4b5-4901-bc99-541bd2715c3f	Unknown
fb3f8569-e1e8-4aee-a0b7-8dfa0cc070ae	Unknown
fbb60f8e-b988-4739-8a19-bca36ad1f994	Unknown
fc169725-52e7-4fff-a2db-097a7c16b62a	Unknown
fc64abd5-46fc-4d5d-8202-61eceb1a8cda	Unknown
fc6b6987-3065-4e5a-839b-9c7771bbb128	Unknown
fce61402-2794-4310-93ee-8168bc37636c	Unknown
fd194eb4-aa94-4c67-993a-359dab42bdd1	Unknown
fda5e3f4-b35b-4003-98ff-9d6bdbf37f82	Unknown
fe0f7dc5-b151-400e-beb7-558d9de9cb99	Unknown
fe504270-e0d5-42ca-b166-2d9642efe0d9	Unknown
fe555a8f-598f-4fe4-ab32-d60aa2f4d42d	Unknown
fea468a8-de45-4185-846e-2ad82b09797c	Unknown
fea4fbfd-f5a1-4720-be0a-c6b33d82d24f	Unknown
febc45e2-9e39-4666-82f4-71f4e5b7ea64	Unknown
fec114db-c8dc-450a-ae36-dbf59e153362	Unknown
fed6526f-da98-4db6-b19a-f72ea9229b84	Unclear
ff0c5929-51bd-4b3f-b724-a9b48aa4ad4a	Unknown
ff203d2b-df66-43c4-8c1a-cfcd37a7fe00	Unclear
ff928a5e-a071-4bc3-9596-c9ff464fd9a1	Unclear
